<?xml version="1.0" encoding="UTF-8"?>

<atlassian-plugin key="${atlassian.plugin.key}" name="${project.name}" plugins-version="2"> 
  <plugin-info> 
    <description>${project.description}</description>  
    <version>${project.version}</version>  
    <vendor name="${project.organization.name}" url="${project.organization.url}"/>
    <param name="atlassian-data-center-status">compatible</param>
    <param name="atlassian-data-center-compatible">true</param>
    <param name="plugin-icon">images/vv_it_services_logo.jpg</param>
    <param name="plugin-logo">images/vv_it_services_logo.jpg</param>
  </plugin-info>  
  <!-- add our i18n resource -->  
  <resource type="i18n" name="i18n" location="listner"/>  
  <!-- add our web resources -->  
  <web-resource key="user-license-resources" name="User License Web Resources"> 
    <dependency>com.atlassian.auiplugin:ajs</dependency>
    <dependency>com.atlassian.auiplugin:aui-dialog2</dependency>
    <dependency>com.atlassian.auiplugin:aui-select2</dependency>

    <resource type="download" name="user-license-config.js" location="/js/user-license-config.js"/>  
    <resource type="download" name="images/" location="/images"/>  
    <context>com.vvit.jira.plugin.applicationlicensenotifier.user-license-resources</context>
  </web-resource>  
  <web-section name="User License Helper" i18n-name-key="com.vvit.services.websection.configuration.name" key="user-license-helper" location="admin_applications_section" weight="1000">
    <description key="user-license-helper.description">The User License Helper Plugin</description>  
    <label key="com.vvit.services.websection.configuration.label"/>
  </web-section>  
  <web-item name="Configuration" i18n-name-key="com.vvit.services.webitem.configuration.name" key="configuration" section="admin_applications_section/user-license-helper" weight="1000">
    <description key="configuration.description">The Configuration Plugin</description>  
    <label key="com.vvit.services.webitem.configuration.label"/>
    <link linkId="configuration-link">/secure/UserLicenseConfigurationAction!default.jspa</link>  
    <condition class="com.atlassian.jira.plugin.webfragment.conditions.UserIsAdminCondition"/> 
  </web-item>
  <webwork1 key="userLicenseconfigurationaction-webwork-module" name="UserLicenseConfiguration web work module" i18n-name-key="com.vvit.services.webwork-module.userLicenseconfigurationaction.name">
    <description key="com.vvit.services.webwork-module.userLicenseconfigurationaction.description">License Tracking for Jira Module plugin</description>
    <actions> 
      <action name="com.vvit.services.webwork.UserLicenseConfigurationAction" alias="UserLicenseConfigurationAction" roles-required="admin">
        <view name="success">/webwork-template/config.vm</view>
        <view name="error">/webwork-template/error.vm</view> 
      </action> 
    </actions> 
  </webwork1>  
  <ao key="ao-module"> 
    <description>This module configuring the Active objects service used by this plugin</description>  
    <entity>com.vvit.services.ao.UserLicenseNotifier</entity>
  </ao>
  <rest name="Application License Helper Rest Service" i18n-name-key="application-license-helper-rest-service.name" key="application-license-helper-rest-service" path="/applicationlicensehelper" version="1.0">
    <description key="application-license-helper-rest-service.description">The Application License Helper Rest Service Plugin</description> 
  </rest>
</atlassian-plugin>
